gdp_growth,unemployment_rate,inflation_rate,interest_rate,consumer_confidence,digital_adoption_index,bank_branch_density,marketing_spend,active_bank_clients,cross_sell_rate,policies_sold,average_premium,claim_rate,customer_acquisition_cost,retention_rate,net_promoter_score,ds
3.6967141530112326,5.020568892441808,1.2412673400690726,5.747188148781531,88.55111265186224,50.61843686802898,24.16961077274452,518660.9123156358,501295.3080699452,11.689232048352686,17606,1552.0421572455975,8.587115864333258,255.48499209781116,81.9378131267978,40.895806812552486,2015-01-31
3.758449851840048,4.7018777783239765,0.9756123586657102,4.76916018108193,72.92676849003222,51.14629545185487,22.295900396142184,455356.6385449472,502571.32634077466,15.539682453460435,17283,1254.306467611112,5.28683639075319,220.49093284642564,86.8075176260305,38.02661579692674,2015-02-28
4.606138389940741,4.843955507514531,1.7474318486068396,2.2962365218429426,75.58686343175256,51.59804527763486,19.649171442706766,519408.99928983074,503446.2138004728,19.176006859033798,18664,810.950415613246,8.932859964867053,187.93711726907287,79.28136896339669,38.487267163464885,2015-03-31
6.3291682463487655,4.56812823724439,0.7522168180351505,0.5,100.72127419992073,52.49421479917057,11.695195332420045,607363.1749859772,504525.3745071602,17.75494981800694,20406,1319.9063855257925,7.9287170354050325,233.62868506013655,85.54279852888261,38.05091719647319,2015-04-30
6.29501487162543,5.033108558749652,3.6324113039316352,5.03080856124812,103.89583752582223,52.70549397532269,22.14809109566293,397348.47005889396,505624.18054441677,10.288498189130468,19696,1004.5929318624513,4.7697363681889815,294.9940967447607,84.8338500467777,51.337700968670646,2015-05-31
6.260877914676249,4.798132571048781,0.5698586220393673,2.8281902321210732,86.43525062343387,52.058169961562214,21.038438435815557,513296.9674146876,506676.31529758155,12.031115590288987,16044,1041.414995475073,10.329478708914342,193.36831268087133,83.9594157136373,45.93556722280862,2015-06-30
8.04009073018364,4.701514116187078,1.5599555133030163,4.856724467960193,109.57888688166061,51.46445207908143,21.357894185976868,429987.9185060827,507566.25426681247,17.82231356396465,18971,1375.9092056265279,6.530816846403902,151.27353476646792,84.35731244280535,10.596113653357197,2015-07-31
9.007525459336549,4.9455692813979795,2.1307405772860912,0.6083585118084494,75.0771990659656,51.898945538649436,13.616257120898451,619504.6628924842,508431.9295932249,12.052537819385071,17065,1571.4849214300907,6.379495125971238,255.35403346434865,75.5907547725118,46.55900776529761,2015-08-31
8.738051073401596,4.576309986467793,3.4412732890661157,2.1009374655693405,99.00880302029024,51.312095996381906,14.594717297958688,347681.30952162255,509426.81877902657,14.326100550008926,18647,1206.3814730208185,8.401138394461885,193.98094180232007,82.25637546129519,41.94736194718775,2015-09-30
9.480611116987562,4.644547966849031,0.5641378488205606,3.0078655495772746,81.83475700356315,50.38640443102757,25.26576426666452,444107.8152728412,510661.3645828785,16.650156297073657,17762,1292.649903779689,10.29727469885743,100.0,85.46422450570557,39.81291243554102,2015-10-31
9.2171934241751,5.03669079313376,3.1631637521549596,3.070470890647113,90.22245838296762,51.09926488641137,19.802224230716725,537721.1875064521,511770.0846137974,12.094966635409094,19043,1710.6644833905714,5.968356362043206,242.37108385752109,85.799281959987,36.11481546911114,2015-11-30
8.951463670604843,4.554445822765392,2.010233061019587,2.3249017927811346,100.71098006974621,51.08931045156966,23.40750348686312,656552.402923434,512695.96174738015,15.31612651843788,20866,1272.2259538465705,8.123359699695943,173.23359070230387,79.8616242953702,51.24112719986014,2015-12-31
9.393425942170877,4.609835980325083,1.018491348952049,3.934274898521248,87.09379952074072,54.597296428735035,20.141591880652296,493424.9738927012,513850.3014895098,10.997923515245386,18705,1980.5049342541186,8.857633000661146,195.47333588479196,91.3285392043235,49.475264621228575,2016-01-31
7.680145697513079,4.6878008185996105,2.462103474263271,1.3985693559261083,94.23166683655262,49.79535681194901,20.148780697478717,444480.0473306802,514280.5929653838,13.195897068146358,19623,1369.6528936894633,9.386211214526288,216.59901652845073,80.66912575892749,32.27122332176391,2016-02-29
6.155227865000046,4.922347680132803,2.19905969557347,2.78643077246806,115.0943921382166,52.478370515793934,24.691419029879988,688115.706944059,515510.3461054582,15.959345802427611,21149,671.7711722532547,8.352883110554451,209.52498398895332,89.84728600263368,44.07052287124535,2016-03-31
5.792940335759074,4.551262466869378,1.3997831228412054,3.1804434475678485,91.34662195715276,55.47054090078919,17.41977635891313,355198.6099583756,516162.4033497026,10.221018799404993,15458,1426.0024863313597,7.265944321833356,235.47259085695197,87.13597180935842,30.28343265458714,2016-04-30
4.980109215424649,4.155125482944095,2.0698020849900187,3.7716582510881236,112.53538168097712,51.82376043597289,20.480603884704916,280119.4043379918,517089.915161422,16.321424213881198,18711,1314.3475154648334,6.344819558702561,178.22568147150784,81.76886345078098,26.203818352110698,2016-05-31
5.4943565480199235,4.311707952629165,1.61468640313824,4.067422317133334,83.05439718013572,51.638385247812195,17.688623556474788,544001.4450053333,517865.9811824967,14.941086603219956,17314,1586.9258262248238,8.172287766092749,225.65528990880412,93.87655446304755,33.73282775410035,2016-06-30
4.786332472498712,4.4008033545991205,2.113517345251248,1.3130368622431965,107.94706266872925,51.395503515820614,17.82751886283842,449794.57756473887,518607.04488735256,16.657469863251443,17957,1401.9544053809875,5.855721976028786,187.02266612080413,79.0318158412176,48.62393472382759,2016-07-31
3.5740287711634204,4.475951209702884,2.6621306745210465,0.6988287438965666,121.6235293098685,49.08048012638497,18.454139382656802,397876.71828692866,519839.21024482825,15.671742402193985,21628,1158.463204804868,2.1572990330107853,236.94052404437514,89.59577086805001,49.53125045376087,2016-08-31
5.239677540084974,4.579885672551977,3.586016816145352,4.916515232847764,62.92533249809066,48.02484675120322,21.110668858168562,570835.6447299353,520745.67000456585,19.092421289921532,17608,832.7105291131903,8.873119608315335,230.76837420065266,90.0029115902149,45.13085420097293,2016-09-30
5.213901239598439,4.375878256078429,0.762184501173151,3.4984710179693876,88.04657116794284,46.303695060271565,17.606256891682616,524380.0713771199,521814.97078091203,15.375673507943722,19515,1137.2930228141925,9.80786968217239,153.22806489777025,81.64689895461677,47.25095786847997,2016-10-31
5.481429444286363,4.44555436522673,4.133033374656266,1.8772701951651696,108.6560819077081,50.30823594711881,26.278780627867604,443592.1369263272,522805.58666513616,13.711783376624242,19600,944.8438637372101,3.274135128916323,254.2991058087516,91.96232650032164,45.16178287114958,2016-11-30
4.256681258072906,4.533476107216335,0.04791220047749811,5.326727963283784,96.9543192093551,52.67959273341373,15.52696348890248,371969.56013291056,523900.9948305808,15.366892509096852,20788,1025.842965058583,5.9805385905801245,173.2018277442976,83.74976742700524,33.585184047770476,2016-12-31
3.912298533547723,4.319170681808425,1.8482149049644168,3.173511951439288,105.56718810056964,55.722702923402046,19.065641779193204,587245.7328280144,524916.3592087929,16.629894087109165,19935,1376.5735213261828,9.238308522010396,240.40288991405725,86.44346814639928,44.31922544673941,2017-01-31
4.22322112325759,4.878903035151851,2.588317206484576,4.768945776095739,90.94022219926269,57.66604705148852,17.801344708629124,565020.1177958661,525659.7607639552,15.146580210977113,17881,1700.9713513054219,12.114990939423397,218.36436567006703,86.30160919385611,48.00409525227683,2017-02-28
3.2722275458352863,5.021052911425388,2.2809918677350325,3.1012777221151633,101.2988468120935,55.90794350905406,27.234889421768663,490082.4136220617,526859.0141278446,15.121775073611648,18149,1318.4014589468943,8.041587415350815,291.9091838397561,84.32845629264726,47.542913298135744,2017-03-31
3.847925564180958,4.663661862264593,1.377300480179406,6.091121887322981,97.66484146911881,55.35890297649451,20.982773882557872,684663.6996047666,527760.2628112123,12.894024936579733,18534,841.2350813894446,6.5439941175417315,188.8267008814074,89.05404136579891,51.88913371474643,2017-04-30
3.4472868742621534,4.860627944854742,1.7918777496427247,5.633011263664807,117.5167309248971,56.83765209895035,25.159222697343175,392991.52336738474,528448.9464314803,13.011297247347155,20093,1333.3808004660423,7.63420711779032,182.53416019409013,88.96744360276107,47.083038472010635,2017-05-31
3.3555931244688764,4.568223443786545,1.506999065341167,2.62655377728139,103.8163126495182,54.893396481166455,12.57219813481514,347447.48290752614,529363.3233992872,10.79218418460092,19400,1558.9894459936954,10.74975283829637,199.02901970561336,76.2573401338091,43.51448207541583,2017-06-30
2.9538865122394795,4.804348824909281,1.4106352430557882,4.4573564264315335,105.06403993112804,56.81939334151123,21.335251329346296,430809.19301187556,530663.475357414,20.248730229560817,19609,1017.0651287041853,6.708071641750929,184.84101085828624,91.52170121439076,50.701502383164275,2017-07-31
5.006164696748417,5.151927498611502,2.849602097021025,3.9680639243777214,93.821845508163,56.83874254519496,24.448153978117187,495441.3983644502,531833.5197058368,11.268410293826145,18725,1159.7948499981246,6.401615986699493,239.99709509710252,76.68754005982163,39.7347874075094,2017-08-31
5.192667472010483,4.905722803105989,2.3570154859650474,5.052947336298523,92.6859066389126,56.58910093009577,20.41141994637712,524333.9449322692,532763.7892789552,12.921284406612278,19316,1204.406458418759,7.034512955635935,119.1844695781706,90.16273102170828,31.18125348772282,2017-09-30
4.3349565430545836,5.194735641879285,1.3070904047393457,1.5526148091298433,93.51162718270568,58.511020866502754,25.327401875326757,475876.394214367,533693.9377380915,12.844778203292408,20405,964.530506075328,6.0933427834825755,147.3158790426823,90.63352568413792,38.36933036056236,2017-10-31
5.357501455157772,5.318569919960235,2.8995998754332506,4.029077189997659,105.91678213567445,59.899547489474834,17.41355774949814,535205.5396514296,534629.610727848,17.684773130833324,21617,1394.4841301531578,8.245340631989592,146.60985392104035,79.54516784892401,32.550973551935506,2017-11-30
4.33665780518675,5.5651879679585825,2.3072995208766094,4.587636730274381,93.68523278769605,59.67761515783667,27.0467372009279,374846.05758095556,536044.9603245602,14.115150965123917,16367,1163.7155554176654,11.24935691693912,247.51537959867878,82.94592856022707,33.24821725025618,2017-12-31
4.745521400191506,6.134225862754766,2.81286211883896,0.5,104.34662285344619,62.49627476456517,31.49449061809625,644376.460407326,537121.3474150065,18.743226218021203,16322,1325.8597331721082,8.646158546232058,285.5306686290963,79.47147665757032,38.55481329284482,2018-01-31
2.98585127631173,6.060609427953905,2.629628841923612,1.2251122310013374,131.13101197968157,60.83414810936537,18.185807197801704,491784.8821607431,538207.3557444446,12.979528127268395,23645,933.75234665937,7.495292995747425,194.77753907312643,83.92539484855632,32.075800790000386,2018-02-28
1.8576652274132994,5.834488578646658,1.1710049890779275,0.5,113.06687055147539,62.5660193232539,17.77248739299614,611729.5831588128,539413.412435251,15.836982486671406,18367,1068.762509902977,7.416377462168912,191.55891384049946,83.4598285790713,36.9203847036096,2018-03-31
2.254526463282423,5.567634249759001,1.4398189598030302,2.5958897483331635,95.10964701748239,64.25222183919067,27.266922385588504,534272.5346377704,540461.1702670563,12.493958840220728,18371,1416.7144073483314,4.873618382606686,203.50260815565906,88.8983026613467,21.063853330462145,2018-04-30
3.1929930432778333,5.32289116426937,2.7472936051232617,4.076313383693943,118.01820883245917,64.13312896056269,27.897860728653562,545675.3219153784,541409.3618378922,21.435447383320167,19437,1088.1500543724699,9.766219554294318,258.0939151304095,91.55154373059804,42.13293707372939,2018-05-31
3.5643613244678036,5.299760651445139,2.610370265433465,5.253535578144042,93.87886940467673,65.28539500504692,17.385699864233658,556976.7280232203,542370.0918680752,11.437204742911462,16219,1718.0891553700214,7.8443256059743955,153.63234329047128,91.97841905394978,40.012054753622245,2018-06-30
3.6487130420795633,5.402106243890131,1.9790984060358519,3.111142170629663,69.4281319723322,63.283167852276314,17.899065914520712,544770.8560017315,543355.7716161924,15.929462130681083,17193,1080.1091443156192,7.639040172818749,211.91844913673927,82.18915986710849,31.829113689318092,2018-07-31
3.5476093464902747,5.485113483689137,2.117327383308782,5.442923318356938,84.87870533623894,65.63122189069011,18.591076955697464,564272.2759867543,544348.3271688905,16.901330642796296,19181,1267.4054177255657,14.38621513568972,248.75988148912148,83.95389063127736,46.59245668432405,2018-08-31
2.269087356122847,5.7332684583999445,3.277664895788425,0.9298478126776629,71.93812118461217,65.76141761780414,13.277747444828615,632915.2530132431,545493.8530776178,16.241397292354495,15703,1479.777249561927,8.597505816731372,225.05470849699225,76.58280903889525,49.37570137626558,2018-09-30
1.7492431477281385,5.737169025963317,1.4084286111641702,0.5,94.72729773938038,65.21597157676607,15.406740267579009,519652.116970147,546504.2422547793,14.444137023366876,14716,774.4902801200905,6.496417899809631,209.47908082993717,80.97064966751906,23.92440135631026,2018-10-31
1.488604376768351,6.173229249110511,2.5470973811700377,2.9166784516550717,100.27627568784328,67.81399002843983,14.97929616623966,570900.3757588512,547650.7702702224,14.610537900799722,18467,671.7573564057673,7.147284807588913,250.05230462835706,89.8242581654873,32.37275221433786,2018-11-30
2.7457266029872667,6.093832199139125,1.797807347566106,3.576098173408961,125.14655968412924,66.90530264735432,16.161012174479357,491026.43057127733,548634.6269542007,15.13143441593733,22487,742.3031056289716,10.29689141839351,100.0,93.07791411774116,32.30857650212702,2018-12-31
3.289344892555728,6.90988294911601,1.7823187967727796,2.9509578778588605,104.90391060646245,64.5883800546272,19.826575563066093,644011.7215449472,549650.3539922639,14.558993995114534,17803,1578.7752310281546,8.22654082107553,233.89376597654538,78.82825564060039,30.600968988911355,2019-01-31
1.726304737192994,7.0975831534455125,3.09877685198719,0.5,96.71349206786704,61.97512170757939,21.171073662682602,432360.769794073,550250.7138553575,17.89163735038473,18822,1034.442556232266,5.123444043365266,167.2962158436288,82.03767870423553,48.294748419317486,2019-02-28
2.2503887065877892,6.840435886520627,2.8254163489880297,2.8663199407308175,112.44108371775233,63.68714161027067,27.752502464070385,680094.0432910816,551433.979390298,21.631569004774054,20535,1967.4597857004758,9.838457869150407,108.46835515717716,84.86797121520536,38.06173861227197,2019-03-31
2.0653064261714724,6.519168137102294,2.8135096360006386,1.0432957492427202,66.83297036488172,61.6262829052781,15.008229796306045,495984.20493556565,552503.2770854776,13.3275246449765,16542,1030.7257204027835,6.663711828922012,225.56012997624904,86.40080579409803,37.35485158689389,2019-04-30
1.5883844258655138,6.663909861675249,3.305478807154329,4.004508823245057,103.53421837162848,65.63587126924683,24.921611992382918,356922.4897881952,553702.8791074496,10.890591061262766,19489,1255.365390959111,11.74659555243509,268.6829272581479,80.95198240039177,19.961376355932465,2019-05-31
2.400060714706382,6.596871026077494,2.021003841632759,3.549897369145272,111.5629779083045,61.972012453479394,18.930055778872454,512810.44149107893,554123.6280318107,14.735153854946235,18788,1662.6329857703627,10.160096131429297,193.1275742686154,87.12030522232045,46.35418030209227,2019-06-30
3.6310602372023326,6.8110711743051215,2.681952971294964,1.590180320508967,77.82120631330238,65.86492519005947,19.752681451737836,431894.8342525119,555541.3029727669,22.739128012962954,19028,1801.8278664477368,7.1053562086824975,247.64372736014693,82.63080326464542,27.607416051465275,2019-07-31
4.762340356318531,6.953042461677185,1.689733243406544,2.2291996239949596,117.15631064810394,66.78696012446471,23.374097460833017,584064.3548988724,556513.3850471359,12.588976296090808,21353,1818.4510729909193,10.562032723470224,280.61391289943225,84.9277386456086,40.599326302663286,2019-08-31
4.123122833095893,6.931193787880123,2.324166352488442,1.4111797171665725,105.07744611241621,67.09353390072391,14.386389892188507,434737.6020697609,557735.0216104834,19.9173504163322,20080,1562.5098691779426,8.135711021054806,265.74572267920234,87.73142124001849,42.77376937958192,2019-09-30
4.013910457244679,6.677155672459602,1.8698569456323155,2.905981354090242,93.77068129148797,66.50369572710602,21.912048730920255,455381.656678522,558527.0404250583,20.03310244222932,17560,1507.2187577434388,9.705547350244439,281.99822646856967,85.03211134905469,53.60658595838651,2019-10-31
4.545173888648242,6.222701505053842,2.0969959649927183,4.432713480751858,109.49172799159427,67.80196795581017,20.83226104106528,311045.9269054469,559649.5952060708,13.339235274876016,19894,1377.758084760355,8.96946563458895,237.1063745535946,82.81807054736716,26.911796008808878,2019-11-30
5.720719015770602,6.088747019433736,2.5951570254369134,1.5214109304966845,134.06039286706593,68.22669855096046,22.462256320040744,454769.3680750923,560438.9120934361,16.706949237555826,22089,1433.5083228499914,6.307286690018253,203.77168194507965,84.45195098037084,10.0,2019-12-31
5.441544777925312,6.345666657730778,1.1817793167665274,3.7560697732767667,102.72799382587743,70.93330231499351,21.44584321953909,257612.06733710432,561314.1583012969,19.885189869385613,19905,1034.64428510144,6.7129003353650765,119.90170940514157,84.55818520397332,41.83849544753695,2020-01-31
5.455885801261495,6.4098947809698394,4.092387275685461,2.204613572441339,103.72330879450504,71.66175761231759,32.27650069955447,341609.71765142767,562696.9645720703,13.86261677703754,22955,954.5403349733078,10.059921635162322,187.69687559350257,83.14994485058936,58.005111815108535,2020-02-29
4.549550827255466,6.0361731473562426,0.993982618500298,1.8106907516064839,93.10958650689633,72.46236113524134,16.81130007874342,576041.4656144298,563658.8280919176,14.389258919692915,17362,1198.9876627767144,7.330449335786918,157.83767023419043,83.70601968666449,52.38946352939438,2020-03-31
3.5533442031747953,6.0881274251115975,0.7858113872122678,2.839454460068163,87.25233445802812,72.23513671081363,17.345015224990913,578580.0158650832,564702.3146665535,13.254957258154068,16205,1148.9446132425214,7.1927030735160065,308.54713587489067,92.99323585252358,42.096594152746256,2020-04-30
4.5658700255689935,6.203722639030248,3.1581108735000676,1.4471365163709389,112.45503724816368,72.62124546337151,16.88429736787618,542545.7561784965,565876.3282126912,11.955729807921399,23539,1064.0315852018175,6.0897548413012945,191.20570937838318,87.8045972397062,35.08363814367953,2020-05-31
6.122110054139816,5.938565408169908,2.7916626939629356,2.169526041979227,87.15874261136699,73.73684900115562,17.222614404198726,403302.3856870787,566975.4645902858,13.052167364801978,18716,1408.9162342370146,8.847198131186921,206.1602403392243,83.5225984098542,48.071225966373106,2020-06-30
6.250099932559483,5.984682939953567,2.624119817052155,1.2031831611167272,101.07349355829089,70.81651221584237,16.81306436346741,495228.864385802,568005.5483713145,11.32817919971323,19389,1486.5915625711532,12.12504983848629,227.57426880202337,88.48477202255368,30.264538002955312,2020-07-31
7.4536328304515065,6.002145555487367,2.62834550926428,5.947087699374584,92.83513829852325,68.62014137163095,25.94508265553776,499639.74609094317,569078.5405718078,15.102250404777678,21264,1226.5220658875542,5.864934171491454,202.1801223186227,83.33090255121995,44.76357769356219,2020-08-31
8.01526885549914,5.659254466138179,1.9877532271530853,3.052895327957593,107.18469738619588,70.60666955967638,27.102521239949276,384163.53108074574,570559.2236888554,12.690080306824076,20327,1643.2590243165785,8.048438913345516,284.75255202153767,90.86562318793321,45.054701591666266,2020-09-30
7.5701491008940165,5.766590674242665,1.1027456285141684,1.9504117380111219,105.00493157930423,71.44840043593226,17.14626853125262,650339.830176715,571547.6999294488,15.701357735372243,23976,857.4932657599485,10.824441110830858,168.8675319132774,86.84821096099047,50.6020990749888,2020-10-31
8.13154470640243,5.934826032153135,2.0758045581937266,3.3209698661013327,115.56309916386849,71.58043376322689,15.838222134478857,587736.2290575672,572587.9197387917,10.332313061389119,23366,1141.9021622160847,7.84071721750857,209.73037276186213,84.46348927997886,67.59660038911078,2020-11-30
9.8695812728684,6.259741405105718,1.3228382884878882,2.8315079254637556,92.3497540171788,72.11730162935768,22.35707778193202,477903.5826170336,573798.0506179932,15.99264069664337,19560,984.9533038191586,8.904743592499468,162.87647071509758,87.23858462905139,43.92415967178767,2020-12-31
10.033755233758448,6.57588202071619,2.9751197334177513,2.668545600700166,95.95187597059943,73.31246504008104,17.238884778595143,502688.58389945305,575019.1558045849,17.500586884826774,24006,640.039014878082,5.875212943706241,133.99887443896472,77.1456192396575,34.910363742925014,2021-01-31
11.798398889572454,6.162581210329062,1.8529426184978615,3.921250050065138,85.3185442632654,72.7329456794623,23.164659088777555,520838.28079475526,576256.5618656969,9.018793072285634,19140,1175.1957942471902,8.856614194415297,169.41154545473572,79.36616265545098,39.74425687808006,2021-02-28
9.37865378548271,5.881233698354525,1.1745028032074885,4.136261565070957,93.33560109885833,71.67633622865768,21.0146151042565,295826.5131575709,577384.3079101028,16.122169709542717,21202,1163.4757474850148,7.625711469990902,198.1481601475794,79.03037496800472,22.30924095110882,2021-03-31
10.400556289857935,6.035744278517123,1.6786141583470067,2.204248278584209,105.65950739567278,72.56802673885305,12.42127942501384,475282.2617479403,578155.7069275567,18.683006977419875,22198,1654.0349229726394,9.971459991359726,178.534888774137,85.71471547381853,33.05286868910942,2021-04-30
10.687603358096105,6.189880063790786,2.4129314542756246,2.13627263903298,111.35482924968028,71.11128118362298,27.73752600665031,431801.57520022016,579482.3932340168,11.371076943926383,24212,1389.2435053664333,10.374772103129501,165.3789510063072,93.66257499742547,35.90717561886896,2021-05-31
10.588596007630237,6.3443943696826,1.436275447196025,2.587422454272534,86.16752013733561,72.42778669505192,28.979388365477607,399837.9990105085,580253.1241554131,20.01771716051311,22097,892.7439527012385,13.179127284037227,129.6841268164083,95.0,34.759116020654076,2021-06-30
10.88035678416574,7.5002138168790164,1.1777796044335687,0.5,113.0440888015849,69.52261948657625,16.93605654757807,471889.9707114045,581313.6512484609,16.257057028098135,22476,1756.2277699002566,9.15926634642715,195.84472136856527,88.19025550720379,41.52354872033722,2021-07-31
9.092787869564846,7.671480970086966,2.2436872114919124,0.7272134067021719,120.33456788207427,72.08093076122753,18.061492200320078,679768.6526849522,582162.796078457,12.884964432724773,22005,1566.310108657606,8.651592633164332,124.76398129844989,87.50422237472229,31.775800676177994,2021-08-31
9.073115981727334,8.012150662141146,2.2449665711087228,5.050311401166787,106.20152354835551,73.52612572605362,21.429326953624525,564084.2861267009,583149.9684091385,14.832692767026883,22365,1374.6293110405848,8.388768603154672,238.00279818448013,75.99471132923631,51.210306673244716,2021-09-30
9.630228553239082,8.298351191189107,1.4930568246288702,5.467451570251925,128.151937188371,74.53818519468138,21.672283949935125,442882.10102172033,584215.7208911992,16.674980737565168,22894,1132.0547703450504,7.293667414378623,204.12198764672516,82.2866310013299,40.002070649181974,2021-10-31
11.308122597980597,8.493768566580847,1.5289616943816773,2.6264459406654326,88.3931620134464,77.0035671625724,23.29272136336415,557258.2781356159,585279.9923342892,15.228016174237235,23528,912.1682289829562,8.676967686923382,127.12242502675348,81.0610812404588,39.90699678861374,2021-11-30
10.98985237970695,8.399187793188743,2.2320499373576363,3.8648354445836497,81.33017945032874,80.83451605149754,30.051022693831747,639935.5436586002,586364.3764851362,16.616267977339106,20217,1088.337967178684,7.409197179721941,184.53954614750683,81.89576200874443,36.72105283487082,2021-12-31
10.381358776813762,8.626878559336722,0.5519156585026759,3.466875231815304,73.31919626643582,83.36325618153381,19.11526386252975,592463.3682912769,587687.118738948,12.2379792207619,18620,1526.6245859112557,8.336921952539228,162.39217972047084,84.15928090707605,41.551906838589794,2022-01-31
10.079601733229225,8.395030994975452,0.5925362256234448,7.618321212682856,122.44066467233775,80.18150771887052,16.00851377730773,505963.0369920174,588777.8255992507,15.508082472108233,24052,1765.3758917803825,10.63519507121592,215.95872552095904,82.63954711151436,48.25098264667635,2022-02-28
11.1950038509313,8.323985412953448,1.281555778747564,4.679362367151866,109.81548484531086,78.12235378539911,13.103403859927363,435306.3222294426,589728.9942721927,10.75885650928506,20541,1662.9730584816566,5.986914869440717,267.0225223011572,75.10350094812107,31.328697842890996,2022-03-31
11.723754960590984,8.178376348604717,1.7865528482881528,2.80812361277885,99.16622993634317,77.37271663000776,16.345349800290403,569822.331361359,590921.8117058503,14.666321815953898,20242,1053.3451734641178,10.27975712225809,106.24137651771277,88.73955128058766,33.41883510924743,2022-04-30
11.393994756823945,8.202938590420613,2.3109075655980047,1.5666893390993613,104.19952939479731,77.92489873042942,19.834365135631014,539348.538542175,592159.7058036353,12.288277075605631,23934,864.1147700132966,10.634230134679731,205.75130395737085,79.63628487130097,36.96273971223335,2022-05-31
12.107262189937302,8.897336160422666,3.475356216949552,0.5903305196136412,83.11766429052435,79.46021677136767,28.972789317588937,589519.3220027732,592914.1842406079,12.7934101722307,19310,1242.2658740733611,7.763862946017842,191.99336022166798,86.19623432055575,26.541290765267853,2022-06-30
12.404339739285343,8.337156602645141,2.8576596232020193,3.3051954538008346,136.6862796942524,78.50872914506074,17.411943504819142,563517.1801681969,594033.6642545778,18.708279525631312,24068,669.4681903311445,3.756290201982811,233.56700382252328,95.0,31.80742140278502,2022-07-31
13.572984729818232,8.543034659757495,1.840061470036573,1.865473882073545,101.93831772962841,79.3822626740149,21.118939758194493,604955.2715319336,595173.89880304,18.273930361782806,23287,1296.9503142554345,6.784356025811135,210.65983141188445,80.40307704206788,35.23779126455341,2022-08-31
13.07093163594088,8.0592198984006,1.9809837920973112,0.8666194356034888,101.64092191907339,78.37149680930824,19.91788551963624,446476.4788439432,596114.386102368,16.82741436272153,23921,1155.7192241103994,10.593989093122218,162.40153341305904,72.34856238626836,48.74389180712727,2022-09-30
12.943269489343113,7.917640338663771,0.9974706353621912,2.03014067363621,110.88649935848038,77.64846120332436,25.94196636724042,631739.4065634325,597389.5274650303,11.723061705982262,24269,1060.1890494395273,7.954263875402236,184.0473032166691,83.56997889059944,42.62561329001925,2022-10-31
12.751161336210956,8.244325517753982,1.9814868640076102,1.3776779945784072,107.2151384760507,75.33513900962791,32.63466212936811,519759.96046924,598359.5163476238,14.050774650915594,24052,721.5890798199614,6.001395535410179,160.19870715982555,90.50479817499286,41.93589911367545,2022-11-30
11.487646388078836,8.26360952348262,1.711341361079862,5.530712452608848,103.35826036418698,73.9886725174061,17.345656135398396,707526.0872625265,599384.6316383181,18.63929309993755,20905,1354.080031970915,6.990450157543565,253.8003569299299,94.79173727110297,48.50897962167972,2022-12-31
11.983766665143413,7.940286090103828,2.3227185603380893,4.322459635424176,88.14288316832032,71.78530330617343,17.55280278740889,431081.21819104324,600350.0172734613,15.425150740919713,18098,1040.1897481014266,9.681240053009105,201.06558243359711,78.85225202773792,38.62628211600603,2023-01-31
12.444821937323303,7.725694977325837,1.172769056447677,2.988041038025074,107.07202535703993,70.33355680021876,25.22080438534536,673596.3803165249,601353.1330829776,21.957988619945084,24638,849.0249492869136,9.093467136402758,295.05953428765037,87.48349611618261,43.904648499288896,2023-02-28
12.649935393965764,7.92957430200624,2.5193465142411724,5.219916208335039,128.2303674471255,72.94084039343444,23.40945744813156,519791.0783462648,602133.8780655987,16.179953518183115,24035,500.0,7.522135801660611,196.96695930926896,82.67344771609973,38.96778247067504,2023-03-31
12.615348260590617,7.7104643124911,3.5327389130025777,3.1160524614714276,120.18130069232467,71.54204261577055,29.233536628680167,434858.1996385552,602845.8678890797,15.576147349470094,23176,1191.745528484809,7.266351176370624,164.57966165447687,84.47025822847932,42.653623493996285,2023-04-30
11.399977518540203,7.775401889365692,1.8912398515431423,1.7080736980076046,123.89779939959097,77.30680674544534,22.91964092662982,451611.4165945678,604164.7689017247,14.072650607392497,25979,1731.6754790009231,7.216483701912356,124.31428036935864,95.0,34.17241342388418,2023-05-31
11.179332195774844,7.789073441336836,2.4017117220989412,5.284686115904486,92.33176485353222,78.79344254720712,18.203539546064704,467965.269180568,604995.3766320611,15.400622714346845,21711,1698.377764364361,6.155179631002995,109.84301618720275,77.48514835802423,15.61182841723571,2023-06-30
11.036617679248074,7.593593337055092,2.6901439917111123,3.808365065526988,85.15592769612128,79.66311479459686,22.953274153461546,542416.5946401916,605797.0981621698,14.54259049085837,20932,1062.8711230241186,11.230751378938884,120.79320284972552,86.26869830747286,38.65720837813696,2023-07-31
10.434340410026454,8.23677656385269,1.5987795281141637,1.4441307685103153,98.11319619850528,78.44639923423443,25.543517902914537,552283.54880355,606366.4201394491,17.12432603006577,24620,1019.3363818914659,7.35535906157732,213.35633255057417,87.33846585882716,54.2274813609994,2023-08-31
10.473054698360446,8.426952270548092,2.2240924818104166,2.7144919828745877,100.83587368433042,80.34701899305242,24.102410905986822,442629.9996061421,607238.6277899111,17.870106950383754,20672,1340.632276822507,10.434317041650992,225.4362511614967,90.42893162469673,49.26215402241592,2023-09-30
11.077105555174985,7.81940949455081,2.012592400781795,1.686572619922864,116.41287277706422,79.69574334057687,22.53637015553649,497564.54077390174,607974.0098312297,12.642031618476151,24730,900.4843682435126,11.042632103844902,120.94046489839333,85.48991576735447,49.653974845911705,2023-10-31
13.163291456385515,7.8753457889816385,2.0976760985488316,0.9258004035534956,74.61303055427771,80.43976296986759,25.33337344794577,714227.0358611863,609302.4128632569,11.006301139326666,19915,1290.5375699458398,9.996621796295921,244.75191570380576,86.54025269752051,52.36130721806218,2023-11-30
13.537869269217355,7.676809849551122,1.2269902161445336,4.3892663212974625,122.94325479190921,86.05993204640518,25.846477952228362,672754.3170100711,610504.3762811255,9.49138388069011,25380,1429.824083515407,7.136759374563903,175.84694741582803,83.04175716289105,40.88657590961438,2023-12-31
13.995419659940119,7.93253984998999,2.0245101742589426,5.864124960705196,97.62988152131516,86.36781224695588,26.910794955187637,543632.3669674032,611366.7462120899,16.52397398073763,24716,1568.0799671652924,8.80746018067322,207.33965059927746,86.34563470622554,41.97315707405596,2024-01-31
14.120973744173952,7.694783628460179,2.4979982912454495,0.9021486392712882,93.5967839507887,89.16635889952724,23.243549437948214,503800.34781682,612817.2333731587,11.689900181478379,22907,1169.9537770560141,7.951608787218167,280.61103141277124,83.28403862251295,33.8234810456565,2024-02-29
12.402202528874911,7.66036269602011,3.451143607795042,3.8444538550358565,84.81843437109748,88.26000604927546,19.164409598415727,512003.1326718261,614013.5864705571,8.541328221142551,21694,1138.8978749469102,6.192596278539744,244.8419657932766,88.10785944928026,36.8392714397295,2024-03-31
12.575688653425694,7.811858879714247,2.959270826085207,2.0240361463172594,75.17714992201346,88.69002906828155,20.733568432166614,561351.7972730417,614948.6201938554,16.165735813592892,21637,936.6052239730317,8.648718563443206,186.57346760470838,83.15194831978182,46.15771149771142,2024-04-30
12.83591886336672,8.071585437965282,4.153182457511557,2.2693119243529556,112.34755875942872,92.73163033955257,26.032544832541785,397720.74348015944,615448.7390508807,22.47899855229837,23288,951.935893788042,5.641920417680395,155.44038872923562,86.88550196951093,52.038844371688164,2024-05-31
15.499160975852007,7.71149651584855,1.2326524371119505,2.111409113641696,101.09976950782605,91.97769622397703,15.91532164506382,474262.3462576655,616906.9275653987,14.98178726538032,22024,1132.056332429542,10.375358776923127,100.0,84.85368593157511,38.60553724319001,2024-06-30
15.506800011070885,7.611146145096265,2.872320636720678,1.704013845480276,80.6505865038842,96.10259333997088,21.843366544364507,333141.592612241,617629.0130720461,17.515472323354924,19737,1310.2096520448533,7.070765405403214,164.042334037879,90.63025125386083,35.498107351485885,2024-07-31
16.008347353404496,7.468662551747979,2.1833420057383517,3.0727824419172407,80.57381841904576,98.01809721088183,18.033305938363196,539922.312260528,618299.9333226547,15.245488075642696,18750,1474.0753878699747,8.402319311745678,189.4434880586153,84.74303138205757,40.005279588565976,2024-08-31
16.17363558369925,7.272663781975865,4.189802933217672,1.7535748253834433,94.96322951064808,97.39316365909329,20.143724114674086,564719.5939702741,619504.4474090566,14.703331040426573,26249,959.0463147958966,8.566575743092285,150.6410236424408,76.1348376589656,46.01206748929115,2024-09-30
15.204957546079722,7.802300054060194,1.1917017146448485,3.4056852386697583,125.0353228793409,99.15797913720434,26.392259313036494,451681.3537700626,620992.3978903245,17.757229448963304,24299,1647.8065706878565,7.482190052591846,193.43715164538477,91.30960750356996,25.56145183866458,2024-10-31
16.547780360594743,7.923794567348481,1.1602781578192238,2.9246428358262944,96.10612972954593,101.60308803645779,20.955495340099517,657398.6763290033,622269.2524540266,14.129176367434045,23325,1118.6629196872293,9.17338760295055,203.8425941479384,80.47133849568691,17.03819046862762,2024-11-30
17.499713393281517,7.5455293810479676,1.4006073545559778,2.6415779297003854,77.45285570322841,103.34670796089219,20.232182740780743,377423.4336997659,623382.034278037,15.80217694221571,21374,1193.589811695469,7.050192686754951,188.75720090959607,81.7311683067559,34.494631505084165,2024-12-31
18.490745340324565,7.820887965164401,0.12389572430980689,1.6386545069376033,96.31385403871084,100.70625852111127,13.200719295100404,353562.511979018,624500.9851463701,15.96509341858804,24179,975.836496255653,9.742594594914488,167.49987095882702,82.02169352978254,27.792875740858413,2025-01-31
17.781357885529825,8.45753482426819,1.474244978319239,2.134843004147501,95.90914645378494,99.75198416946154,23.731267830136105,522445.1818559972,625671.6682581261,12.995728639070855,24880,500.0,5.308040639506503,208.43273359833637,91.87219046585409,34.91859802352689,2025-02-28
19.384152196465923,8.767274402433534,1.240867338446302,4.133086838738634,59.546700355876425,99.75694689835854,23.227420905705376,604709.8302612155,626823.4539760835,17.97612704860957,21714,1465.2136189083149,8.252759159092824,222.09703247847045,74.32162893010653,38.52219681182528,2025-03-31
18.18230113367364,8.311463412647331,2.1503937864762075,3.751375781436571,99.18557700223282,100.10808004015843,30.8162736165273,668392.7691457869,627879.6922608773,14.475120729913774,23354,1421.05316912773,11.87785799811657,145.4800461278577,95.0,35.467515909769865,2025-04-30
18.969158227473912,8.166193190787455,2.3417559757771595,1.5336671328021734,96.53598204686983,101.84942423525979,18.461108825234998,454111.573713106,628900.5324816678,12.732764521521466,23743,1115.601732864536,5.999337350788851,270.5466189873135,90.28028404533026,54.524675344707454,2025-05-31
21.35961385328389,8.546266535543442,3.8761708392158862,3.1489984581438386,110.44309547220128,102.7048262371263,21.095751638319694,607868.0833431296,629888.0138560878,16.60952953071121,26483,1220.0972151674616,6.6445100589502974,195.0705933857869,86.1161945706458,43.2674476460232,2025-06-30
20.5690775281532,8.333965695857808,2.95042383818605,4.127080685057684,127.73434142418017,100.53413751970609,21.246918418553776,496149.1530499293,630737.2209383146,12.304596054626888,27037,1354.78176531123,9.02781569931783,200.94248114724238,84.72552999691857,43.004743596108284,2025-07-31
20.20277979855043,8.467111524301675,1.4230963443375968,0.5,116.89847544321636,101.79453322171801,27.88726639881737,482737.27000591805,631681.0859229411,15.084543472107384,28713,731.2362429340373,8.359163563879196,235.41072116282785,86.42777037428829,46.22207144043402,2025-08-31
20.50243116363807,8.699501740330478,1.101585328651642,3.8150402885699024,95.96666964167754,103.51570471228567,19.523522338065238,588365.9937486672,632342.4945601021,14.97264301006739,25197,1041.2841967961115,8.701260198547118,211.6608065631751,87.6056121418967,28.611668822192307,2025-09-30
20.198955509521873,8.421422598857053,2.4919191715065057,2.00606436158123,83.40211136887496,105.13528560814774,21.395107628851697,565232.2878413419,633322.8266347431,18.257686697494734,24304,1438.2794038865482,8.978374260295327,247.65683169566225,88.22607792975029,50.391117874202685,2025-10-31
18.848292078455742,8.403564992038511,0.6797667929793578,3.855898002889739,138.6003970487479,107.79684705925699,23.039482548582697,342360.78430157504,634125.1084133129,16.42409469863986,29356,823.7131730492251,9.26944293712354,214.35620826009122,87.77802233001724,39.2423571346454,2025-11-30
